{"cameraMode":{"drawMode":0,"name":"Shaded","section":"Shading Mode"},"sceneLighting":true,"audioPlay":false,"sceneViewState":{"showFog":true,"showMaterialUpdate":false,"showSkybox":true,"showFlares":true,"showImageEffects":true,"showParticleSystems":true},"in2DMode":false,"pivot":{"x":-9.17214584350586,"y":12.668339729309082,"z":7.555617332458496},"rotation":{"x":-0.10945610702037811,"y":0.7554225921630859,"z":-0.13069207966327668,"w":-0.6326751112937927},"size":31.319320678710939,"orthographic":false}